-47,7.664,0
-45,15.706,0
-42,23.34,0
-40,26.759,0
-37,19.86,0
-35,19.16,0
-32,16.964,0
-30,17.618,0
-27,18.095,0
-25,17.763,0
-22,18.736,0
-20,18.821,0
-17,18.761,0
-15,17.164,0
-12,13.748,0
-10,11.943,0
-7,10.77,0
-5,10.921,0
-2,11.036,0
0,11.304,0
2,11.641,0
5,11.681,0
7,10.203,0
10,8.75,0
12,9.744,0
15,9.704,0
17,10.013,0
20,9.685,0
22,8.859,0
25,9.149,0
27,9.794,0
30,10.958,0
32,11.688,0
35,11.032,0
37,10.862,0
40,10.698,0
42,11.069,0
45,19.849,0
-46,7.134,0
-43,23.677,0
-41,25.163,0
-39,20.096,0
-36,19.256,0
-34,18.723,0
-31,16.848,0
-29,17.169,0
-26,17.275,0
-24,17.536,0
-21,18.731,0
-19,19.187,0
-16,18.586,0
-14,14.406,0
-11,12.072,0
-9,10.332,0
-6,10.112,0
-4,10.871,0
-1,11.088,0
1,10.293,0
4,11.129,0
6,11.164,0
9,9.921,0
11,10.307,0
14,9.994,0
16,10.709,0
19,10.223,0
21,9.595,0
23,9.036,0
26,9.063,0
28,11.257,0
31,11.53,0
33,11.141,0
36,11.32,0
38,10.537,0
41,9.814,0
43,10.66,0
-46,12.198,0
-43,24.024,0
-41,24.761,0
-38,19.997,0
-36,18.42,0
-33,17.49,0
-31,16.972,0
-28,16.694,0
-26,17.056,0
-23,17.175,0
-21,18.508,0
-18,18.599,0
-16,18.168,0
-13,14.764,0
-11,12.343,0
-8,10.805,0
-6,10.077,0
-3,10.048,0
-1,10.744,0
1,10.04,0
4,12.61,0
6,10.644,0
9,9.697,0
11,9.829,0
14,10.141,0
16,10.763,0
19,10.152,0
21,9.597,0
24,9.151,0
26,9.802,0
29,10.901,0
31,11.517,0
34,11.132,0
36,10.766,0
39,9.941,0
41,10.251,0
44,11.121,0
-44,23.116,0
-42,26.84,0
-39,20.313,0
-37,18.45,0
-34,17.697,0
-32,16.051,0
-29,15.384,0
-27,16.726,0
-24,17.007,0
-22,17.099,0
-20,18.296,0
-17,18.604,0
-15,16.172,0
-12,12.907,0
-10,10.181,0
-7,9.263,0
-5,9.452,0
-2,10.555,0
0,9.594,0
3,11.195,0
5,12.446,0
8,9.535,0
10,9.236,0
13,9.313,0
15,9.667,0
18,11.01,0
20,9.511,0
23,9.627,0
25,9.798,0
28,9.955,0
30,11.442,0
33,11.567,0
35,10.466,0
38,10.559,0
40,11.507,0
42,13.851,0
45,12.358,0
-45,19.257,0
-43,27.999,0
-40,24.941,0
-38,20.725,0
-35,17.149,0
-33,16.24,0
-30,15.939,0
-28,16.865,0
-25,16.987,0
-23,17.854,0
-21,19.016,0
-18,19.684,0
-16,16.98,0
-13,13.942,0
-11,11.386,0
-8,9.164,0
-6,9.486,0
-3,9.707,0
-1,8.695,0
2,10.236,0
4,12.518,0
7,9.836,0
9,9.39,0
12,9.833,0
14,10.545,0
17,11.29,0
19,9.869,0
22,8.933,0
24,8.697,0
27,9.806,0
29,11.547,0
32,11.888,0
34,11.86,0
37,11.718,0
39,10.627,0
41,11.552,0
44,17.908,0
-45,9.386,0
-43,30.6,0
-40,24.137,0
-38,19.636,0
-35,18.942,0
-33,17.639,0
-30,16.578,0
-28,16.65,0
-25,17.058,0
-23,18.776,0
-20,18.485,0
-18,19.097,0
-15,17.537,0
-13,14.206,0
-10,11.671,0
-8,10.273,0
-5,10.915,0
-3,11.881,0
-1,10.165,0
2,11.802,0
4,11.726,0
7,10.178,0
9,8.602,0
12,9.233,0
14,9.358,0
17,10.72,0
19,10.999,0
22,9.652,0
24,9.846,0
27,10.016,0
29,12.397,0
32,12.11,0
34,11.45,0
37,10.935,0
39,10.396,0
42,14.201,0
44,17.358,0
-45,16.646,0
-43,28.483,0
-40,24.676,0
-38,19.791,0
-35,17.8,0
-33,17.183,0
-30,17.222,0
-28,16.874,0
-25,17.541,0
-23,17.512,0
-20,19.409,0
-18,19.325,0
-15,17.194,0
-13,14.579,0
-10,11.132,0
-8,10.683,0
-5,10.775,0
-3,10.797,0
0,12.123,0
2,11.976,0
4,11.018,0
7,9.394,0
9,8.161,0
12,10.096,0
14,10.043,0
17,10.936,0
19,10.326,0
22,9.685,0
24,10.287,0
27,10.65,0
29,11.689,0
32,12.344,0
34,11.475,0
37,10.814,0
39,10.701,0
42,11.368,0
44,10.275,0
-46,11.873,0
-43,30.022,0
-41,25.371,0
-38,22.558,0
-36,18.801,0
-34,17.241,0
-31,15.895,0
-29,16.389,0
-26,16,0
-24,16.332,0
-21,18.195,0
-19,19.292,0
-16,17.944,0
-14,15.618,0
-11,12.876,0
-9,10.843,0
-6,11.182,0
-4,10.421,0
-1,11.18,0
1,11.98,0
4,11.295,0
6,9.763,0
9,9.338,0
11,10.365,0
14,10.514,0
16,10.8,0
19,10.809,0
21,10.281,0
24,10.022,0
26,10.355,0
28,11.068,0
31,12.014,0
33,12.161,0
36,11.264,0
38,11.23,0
41,12.157,0
43,13.096,0
-45,19.221,0
-42,27.746,0
-40,24.954,0
-37,20.151,0
-35,18.705,0
-32,17.192,0
-30,17.712,0
-27,18.102,0
-25,18.248,0
-22,18.031,0
-20,19.132,0
-17,18.74,0
-15,16.152,0
-12,13.559,0
-10,11.79,0
-7,10.006,0
-5,10.232,0
-2,10.904,0
0,11.717,0
2,11.717,0
5,11.192,0
7,9.214,0
10,8.532,0
12,9.723,0
15,10.729,0
17,12.054,0
20,10.477,0
22,9.326,0
25,9.477,0
27,10.762,0
30,12.281,0
32,11.927,0
35,11.786,0
37,11.618,0
40,11.183,0
42,11.68,0
45,21.143,0
-44,17.016,0
-42,29.16,0
-39,22.769,0
-37,19.056,0
-34,18.232,0
-32,17.475,0
-30,16.523,0
-27,27.765,0
-25,19.017,0
-22,17.149,0
-20,17.266,0
-17,18.301,0
-15,16.032,0
-12,12.842,0
-10,11.729,0
-7,9.487,0
-5,9.632,0
-2,9.902,0
0,11.62,0
3,12.809,0
5,8.625,0
8,7.954,0
10,8.441,0
13,11.194,0
15,9.827,0
18,10.287,0
20,9.152,0
23,9.981,0
25,10.12,0
28,11.102,0
30,12.396,0
32,12.221,0
35,11.943,0
37,11.011,0
40,11.319,0
42,12.903,0
-45,19.2,0
-43,29.165,0
-40,25.139,0
-38,19.489,0
-35,17.486,0
-33,16.549,0
-30,14.778,0
-28,15.322,0
-25,27.311,0
-23,17.271,0
-20,18.214,0
-18,18.418,0
-16,16.577,0
-13,14.4,0
-11,11.95,0
-8,10.058,0
-6,9.481,0
-3,10.353,0
-1,11.518,0
2,11.309,0
4,10.869,0
7,10.336,0
9,9.115,0
12,8.903,0
14,9.512,0
17,9.434,0
19,10.014,0
22,9.175,0
24,9.909,0
27,10.908,0
29,12.209,0
32,12.252,0
34,12.216,0
37,11.075,0
39,11.244,0
42,12.054,0
44,17.167,0
-44,19.947,0
-42,29.133,0
-39,20.789,0
-37,19.512,0
-34,18.045,0
-32,18.354,0
-29,17.009,0
-27,17.991,0
-24,17.972,0
-22,18.598,0
-19,18.907,0
-17,19.074,0
-14,15.654,0
-12,12.544,0
-9,12.781,0
-7,10.703,0
-4,10.708,0
-2,10.591,0
0,12.007,0
3,7.793,0
5,10.855,0
8,8.755,0
10,9.767,0
13,9.744,0
15,9.952,0
18,10.563,0
20,10.126,0
23,9.27,0
25,9.902,0
28,10.519,0
30,11.982,0
33,11.632,0
35,11.96,0
38,11.034,0
40,11.468,0
43,11.931,0
-45,14.168,0
-42,29.645,0
-40,21.344,0
-37,19.413,0
-35,18.293,0
-32,17.17,0
-30,16.696,0
-27,16.865,0
-25,16.739,0
-22,17.345,0
-20,19.245,0
-17,18.916,0
-15,16.033,0
-12,13.673,0
-10,11.463,0
-7,10.275,0
-5,10.344,0
-3,10.969,0
0,11.898,0
2,12.312,0
5,12.477,0
7,11.601,0
10,10.284,0
12,10.759,0
15,9.711,0
17,10.892,0
20,10.793,0
22,10.24,0
25,10.506,0
27,10.887,0
30,11.411,0
32,11.548,0
35,11.162,0
37,10.762,0
40,10.639,0
42,14.186,0
45,14.752,0
-44,25.989,0
-41,24.622,0
-39,20.918,0
-36,19.262,0
-34,18.674,0
-31,16.906,0
-29,17.404,0
-26,17.658,0
-24,17.339,0
-21,18.228,0
-19,18.99,0
-16,16.183,0
-14,14.054,0
-11,12.672,0
-9,12.047,0
-7,11.218,0
-4,11.43,0
-2,11.059,0
1,10.871,0
3,12.264,0
6,12.112,0
8,10.794,0
11,9.708,0
13,9.979,0
16,10.296,0
18,10.678,0
21,9.43,0
23,9.753,0
26,10.297,0
28,11.071,0
31,12.054,0
33,12.343,0
36,11.532,0
38,11.513,0
41,11.701,0
43,13.711,0
-44,16.595,0
-42,25.534,0
-39,20.54,0
-37,18.657,0
-34,18.12,0
-32,17.295,0
-29,16.61,0
-27,17.113,0
-24,17.576,0
-22,17.807,0
-19,18.553,0
-17,17.384,0
-15,16.118,0
-12,11.65,0
-10,11.864,0
-7,10.995,0
-5,10.947,0
-2,10.88,0
0,11.625,0
3,12.11,0
5,12.523,0
8,10.879,0
10,10.097,0
13,10.285,0
15,10.894,0
18,11.132,0
20,9.976,0
23,9.662,0
25,9.764,0
28,10.872,0
30,12.106,0
33,11.414,0
35,10.906,0
38,10.738,0
40,11.266,0
43,16.232,0
-45,11.738,0
-43,26.72,0
-40,20.4,0
-38,18.118,0
-36,17.707,0
-33,16.789,0
-31,16.614,0
-28,17.589,0
-26,17.356,0
-23,17.419,0
-21,17.853,0
-18,18.498,0
-16,17.063,0
-13,15.828,0
-11,11.743,0
-8,10.953,0
-6,11.063,0
-3,11.132,0
-1,11.726,0
2,11.895,0
4,12.178,0
7,11.494,0
9,9.593,0
12,10.367,0
14,10.302,0
17,10.592,0
19,11.154,0
22,10.591,0
24,10.339,0
26,10.735,0
29,11.938,0
31,11.105,0
34,11.148,0
36,10.626,0
39,10.481,0
41,10.852,0
44,16.781,0
-44,23.412,0
-42,28.809,0
-39,20.14,0
-37,18.234,0
-34,17.367,0
-32,15.821,0
-29,16.278,0
-27,17.488,0
-24,6.933,0
-22,6.664,0
-19,7.135,0
-17,9.817,0
-15,11.141,0
-12,10.434,0
-10,10.62,0
-7,8.466,0
-5,7.648,0
-2,6.089,0
0,5.716,0
3,11.672,0
5,9.373,0
8,9.831,0
10,9.761,0
13,8.289,0
15,14.156,0
18,15.403,0
20,21.643,0
23,29.55,0
25,9.642,0
28,10.481,0
30,11.408,0
33,11.875,0
35,11.991,0
38,11.108,0
40,10.05,0
43,12.242,0
45,14.232,0
-44,21.542,0
-41,21.264,0
-39,19.725,0
-36,17.879,0
-34,15.98,0
-31,15.288,0
-29,16.986,0
-26,16.879,0
-24,17.159,0
-21,18.233,0
-19,18.564,0
-17,17.69,0
-14,15.224,0
-12,13.038,0
-9,11.757,0
-7,9.873,0
-4,9.983,0
-2,10.363,0
1,10.26,0
3,11.568,0
6,10.541,0
8,9.969,0
11,8.906,0
13,9.347,0
16,10.061,0
18,9.97,0
21,9.192,0
23,9.675,0
26,9.675,0
28,11.076,0
31,11.645,0
33,11.286,0
36,11.611,0
38,10.988,0
41,11.327,0
43,13.599,0
45,13.221,0
-44,25.155,0
-41,22.252,0
-39,18.892,0
-37,17.263,0
-34,17.018,0
-32,16.17,0
-29,17.156,0
-27,16.829,0
-24,17.963,0
-22,17.465,0
-19,17.358,0
-17,19.212,0
-14,15.188,0
-12,13.044,0
-9,12.482,0
-7,11.795,0
-4,10.604,0
-2,10.047,0
1,9.751,0
3,11.772,0
6,11.774,0
8,9.181,0
11,8.85,0
13,10.047,0
16,9.755,0
18,10.604,0
21,10.236,0
23,9.061,0
25,9.535,0
28,10.762,0
30,11.272,0
33,11.934,0
35,11.594,0
38,11.368,0
40,11.314,0
43,12.974,0
45,6.547,0
-46,14.822,0
-43,24.852,0
-41,21.326,0
-38,19.04,0
-36,17.998,0
-33,16.479,0
-31,15.786,0
-28,16.07,0
-26,16.665,0
-23,20.714,0
-21,17.844,0
-19,19.25,0
-16,18.666,0
-14,13.666,0
-11,12.435,0
-9,11.208,0
-6,9.881,0
-4,9.618,0
-1,9.264,0
1,10.946,0
4,10.574,0
6,10.559,0
9,8.909,0
11,9.364,0
14,9.653,0
16,10.406,0
19,11.241,0
21,9.961,0
24,10.14,0
26,10.137,0
29,11.325,0
31,12.018,0
34,11.775,0
36,10.541,0
39,10.371,0
41,12.164,0
43,8.792,0
-46,9.964,0
-43,29.85,0
-41,20.98,0
-38,18.181,0
-36,17.099,0
-33,15.836,0
-31,15.115,0
-28,16.341,0
-26,16.582,0
-23,18.401,0
-21,18.148,0
-18,18.241,0
-16,17.468,0
-13,14.825,0
-11,12.785,0
-9,11.085,0
-6,11.764,0
-4,10.189,0
-1,9.465,0
1,10.126,0
4,11.004,0
6,8.867,0
9,8.252,0
11,8.855,0
14,9.154,0
16,10.486,0
19,10.641,0
21,9.488,0
24,9.252,0
26,9.347,0
29,11.243,0
31,11.441,0
34,11.111,0
36,10.907,0
39,9.982,0
41,10.885,0
44,16.337,0
-45,19.362,0
-43,27.172,0
-40,22.011,0
-38,17.606,0
-35,17.009,0
-33,16.03,0
-30,15.365,0
-28,15.676,0
-25,16.043,0
-23,16.251,0
-20,17.246,0
-18,18.271,0
-15,17.342,0
-13,15.437,0
-10,13.058,0
-8,10.775,0
-6,10.677,0
-3,9.777,0
-1,9.34,0
2,10.313,0
4,9.324,0
7,9.328,0
9,8.578,0
12,9.254,0
14,9.374,0
17,11.609,0
19,10.084,0
22,10.094,0
24,10.24,0
27,10.883,0
29,11.908,0
32,11.797,0
34,10.998,0
37,10.021,0
39,10.202,0
42,10.542,0
44,12.037,0
-44,21.06,0
-41,18.071,0
-39,19.342,0
-37,17.555,0
-34,16.862,0
-32,16.239,0
-29,16.544,0
-27,17.376,0
-24,18.756,0
-22,18.639,0
-19,18.156,0
-17,19.192,0
-14,16.248,0
-12,12.721,0
-9,12.126,0
-7,10.848,0
-4,10.919,0
-2,10.449,0
1,11.329,0
3,10.705,0
6,8.89,0
8,7.437,0
11,7.338,0
13,10.072,0
16,10.084,0
18,10.681,0
21,10.18,0
23,9.525,0
25,9.526,0
28,10.557,0
30,12.207,0
33,11.486,0
35,11.55,0
38,10.222,0
40,10.601,0
43,12.082,0
45,21.247,0
-45,18.587,0
-42,18.122,0
-40,18.802,0
-37,17.786,0
-35,16.939,0
-32,14.81,0
-30,15.543,0
-28,16.144,0
-25,16.812,0
-23,18.782,0
-20,18.614,0
-18,18.844,0
-15,16.258,0
-13,13.875,0
-10,11.511,0
-8,10.973,0
-5,10.636,0
-3,9.418,0
0,9.859,0
2,9.985,0
5,9.673,0
7,8.422,0
10,9.59,0
12,10.34,0
15,10.196,0
17,11.273,0
20,10.445,0
22,9.518,0
25,9.911,0
27,10.504,0
30,12.131,0
32,11.558,0
34,10.315,0
37,9.367,0
39,9.113,0
42,9.439,0
44,10.09,0
-44,21.503,0
-42,19.086,0
-39,19.278,0
-37,17.587,0
-34,16.447,0
-32,15.222,0
-29,15.108,0
-27,16.22,0
-25,16.839,0
-22,16.993,0
-20,18.519,0
-17,17.937,0
-15,15.342,0
-12,13.162,0
-10,12.34,0
-7,10.338,0
-5,9.956,0
-2,10.191,0
0,10.477,0
3,11.032,0
5,9.818,0
8,8.162,0
10,8.878,0
13,10.32,0
15,10.744,0
18,10.585,0
20,9.693,0
23,9.476,0
25,10.005,0
28,10.669,0
30,12.124,0
33,12.335,0
35,10.851,0
37,10.377,0
40,10.297,0
42,14.003,0
45,5.525,0
-45,21.244,0
-42,26.141,0
-40,19.788,0
-37,17.758,0
-35,17.027,0
-32,14.976,0
-30,15.328,0
-27,17.261,0
-25,29.265,0
-22,17.643,0
-20,17.673,0
-17,18.1,0
-15,16.691,0
-12,13.634,0
-10,12.947,0
-8,11.395,0
-5,10.506,0
-3,10.004,0
0,11.007,0
2,10.63,0
5,8.979,0
7,8.542,0
10,7.894,0
12,8.953,0
15,7.916,0
17,10.917,0
20,10.234,0
22,9.399,0
25,9.519,0
27,10.486,0
30,11.857,0
32,11.541,0
35,11.243,0
37,9.881,0
40,9.76,0
42,10.927,0
45,17.344,0
-44,26.116,0
-42,23.452,0
-39,20.406,0
-37,17.918,0
-34,17.618,0
-32,15.939,0
-29,15.608,0
-27,16.313,0
-24,17.033,0
-22,16.761,0
-19,17.692,0
-17,18.393,0
-14,15.483,0
-12,12.35,0
-9,11.585,0
-7,10.122,0
-5,10.085,0
-2,10.544,0
0,10.692,0
3,10.451,0
5,10.133,0
8,8.691,0
10,8.185,0
13,8.858,0
15,9.8,0
18,11.316,0
20,10.066,0
23,10.371,0
25,10.299,0
28,11.039,0
30,12.111,0
33,11.604,0
35,10.529,0
38,10.851,0
40,11.756,0
43,13.081,0
45,11.866,0
-44,27.671,0
-41,25.464,0
-39,22.419,0
-36,18.196,0
-34,15.913,0
-31,15.824,0
-29,16.327,0
-27,17.033,0
-24,18.979,0
-22,17.707,0
-19,18.469,0
-17,19.04,0
-14,14.873,0
-12,11.932,0
-9,11.062,0
-7,9.482,0
-4,8.764,0
-2,8.858,0
1,10.057,0
3,11.032,0
6,10.92,0
8,8.395,0
11,8.369,0
13,10.011,0
16,9.332,0
18,10.985,0
21,9.896,0
23,10.021,0
26,10.747,0
28,11.303,0
31,11.614,0
33,11.614,0
35,11.047,0
38,10.286,0
40,10.354,0
43,13.225,0
45,15.848,0
-44,20.366,0
-42,20.6,0
-39,22.253,0
-37,17.627,0
-34,17.276,0
-32,15.063,0
-30,16.074,0
-27,17.552,0
-25,26.471,0
-22,17.038,0
-20,17.885,0
-17,18.534,0
-15,16.474,0
-12,13.788,0
-10,12.266,0
-7,9.911,0
-5,9.351,0
-2,9.028,0
0,9.856,0
3,12.107,0
5,9.647,0
8,9.249,0
10,8.375,0
13,9.65,0
15,9.32,0
18,11.009,0
20,9.599,0
23,10.213,0
25,10.188,0
28,11.059,0
30,11.902,0
32,11.117,0
35,11.255,0
37,10.639,0
40,10.399,0
42,12.855,0
45,17.195,0
-45,21.792,0
-42,26.314,0
-40,20.801,0
-37,18.338,0
-35,17.105,0
-32,15.68,0
-30,15.928,0
-28,16.087,0
-25,17.147,0
-23,18.043,0
-20,18.344,0
-18,18.346,0
-15,15.087,0
-13,12.851,0
-10,12.009,0
-8,11.038,0
-5,9.945,0
-3,9.347,0
0,9.4,0
2,11.165,0
5,10.504,0
7,9.382,0
10,9.133,0
12,10.079,0
15,11.238,0
17,10.987,0
20,9.294,0
22,8.876,0
25,9.781,0
27,10.636,0
30,11.7,0
32,11.289,0
34,11.584,0
37,10.951,0
39,10.726,0
42,14.318,0
44,8.206,0
-46,16.453,0
-43,29.235,0
-41,22.724,0
-38,19.299,0
-36,17.688,0
-33,15.69,0
-31,15.743,0
-28,16.603,0
-26,17.407,0
-23,16.807,0
-21,17.979,0
-18,17.897,0
-16,18.027,0
-13,14.259,0
-11,11.658,0
-8,11.659,0
-6,11.821,0
-4,10.329,0
-1,9.307,0
1,9.566,0
4,11.543,0
6,9.245,0
9,8.513,0
11,8.452,0
14,9.444,0
16,10.536,0
19,10.776,0
21,10.422,0
24,9.702,0
26,9.827,0
29,11.759,0
31,12.009,0
34,11.913,0
36,11.025,0
39,11.38,0
41,11.671,0
44,12.646,0
46,20.695,0
-43,29.358,0
-41,24.669,0
-38,18.943,0
-36,17.435,0
-33,16.301,0
-31,15.436,0
-28,16.561,0
-26,17.537,0
-23,17.261,0
-21,18.56,0
-18,18.949,0
-16,16.768,0
-13,13.466,0
-11,11.769,0
-8,10.94,0
-6,10.959,0
-3,10.261,0
-1,10.802,0
1,11.063,0
4,11.321,0
6,9.427,0
9,9.228,0
11,9.004,0
14,10.553,0
16,10.991,0
19,11.327,0
21,9.761,0
24,9.406,0
26,9.465,0
29,11.329,0
31,11.707,0
34,11.281,0
36,10.904,0
39,10.564,0
41,11.167,0
44,11.34,0
-44,18.286,0
-42,17.993,0
-40,19.614,0
-37,17.787,0
-35,16.309,0
-32,15.896,0
-30,15.965,0
-27,16.648,0
-25,18.307,0
-22,17.385,0
-20,17.843,0
-17,18.834,0
-15,15.84,0
-12,13.003,0
-10,11.282,0
-7,10.073,0
-5,9.523,0
-2,10.574,0
0,10.172,0
3,10.801,0
5,10.666,0
8,8.794,0
10,8.716,0
13,10.389,0
15,10.162,0
18,11.038,0
20,10.282,0
22,10.195,0
25,10.195,0
27,10.799,0
30,11.472,0
32,11.576,0
35,10.653,0
37,10.114,0
40,10.894,0
42,11.726,0
45,12.04,0
-45,19.93,0
-43,23.344,0
-40,25.849,0
-38,19.199,0
-35,17.064,0
-33,16.27,0
-31,15.389,0
-28,16.218,0
-26,16.61,0
-23,16.723,0
-21,17.653,0
-18,18.655,0
-16,18.324,0
-13,14.454,0
-11,12.181,0
-8,11.018,0
-6,11.588,0
-3,10.799,0
-1,10.815,0
2,10.713,0
4,10.499,0
7,9.735,0
9,8.927,0
12,9.124,0
14,8,0
17,9.756,0
19,10.439,0
22,9.171,0
24,9.712,0
27,9.851,0
29,11.14,0
31,10.981,0
34,10.966,0
36,10.263,0
39,10.383,0
41,14.655,0
44,14.792,0
46,6.964,0
-46,16.65,0
-43,31.317,0
-41,27.768,0
-38,18.402,0
-36,17.993,0
-33,16.656,0
-31,15.986,0
-28,15.449,0
-26,16.787,0
-23,16.299,0
-21,17.661,0
-19,18.493,0
-16,17.88,0
-14,14.014,0
-11,11.713,0
-9,11.636,0
-6,11.302,0
-4,10.793,0
-1,10.102,0
1,11.055,0
4,12.395,0
6,10.33,0
9,8.69,0
11,9.06,0
14,8.65,0
16,10.487,0
19,10.713,0
21,9.705,0
24,9.334,0
26,9.59,0
29,11.438,0
31,11.75,0
34,11.898,0
36,10.624,0
39,9.611,0
41,10.606,0
43,16.302,0
-47,13.992,0
-44,27.742,0
-42,26.454,0
-39,21.689,0
-37,26.076,0
-34,17.279,0
-32,16.257,0
-29,16.593,0
-27,17.573,0
-24,18.202,0
-22,17.934,0
-19,17.8,0
-17,17.512,0
-14,15.001,0
-12,13.805,0
-9,11.563,0
-7,11.426,0
-5,10.357,0
-2,10.507,0
0,11.407,0
3,12.082,0
5,9.657,0
8,8.611,0
10,8.116,0
13,8.905,0
15,9.27,0
18,9.614,0
20,9.672,0
23,8.691,0
25,8.856,0
28,10.222,0
30,11.319,0
33,11.503,0
35,10.076,0
38,9.962,0
40,10.451,0
43,10.377,0
45,17.684,0
-44,22.258,0
-41,25.421,0
-39,19.69,0
-36,18.754,0
-34,15.842,0
-31,15.5,0
-29,15.839,0
-26,17.007,0
-24,16.724,0
-21,18.012,0
-19,18.271,0
-16,18,0
-14,13.908,0
-11,12.48,0
-9,10.89,0
-6,10.887,0
-4,10.264,0
-1,10.34,0
1,11.406,0
4,12.467,0
6,10.154,0
9,8.565,0
11,8.616,0
14,9.91,0
16,9.689,0
18,10.31,0
21,8.465,0
23,10.069,0
26,9.947,0
28,10.837,0
31,11.291,0
33,11.279,0
36,10.754,0
38,10.366,0
41,10.254,0
43,13.643,0
46,12.498,0
-45,15.988,0
-43,22.483,0
-40,23.585,0
-38,19.136,0
-35,18.245,0
-33,16.214,0
-30,15.971,0
-28,16.697,0
-25,16.837,0
-23,16.931,0
-20,17.75,0
-18,17.801,0
-15,16.785,0
-13,11.976,0
-10,11.52,0
-8,11.593,0
-6,11.234,0
-3,11.045,0
-1,11.037,0
2,11.196,0
4,10.457,0
7,9.803,0
9,9.173,0
12,9.341,0
14,9.563,0
17,10.406,0
19,10.738,0
22,9.447,0
24,9.354,0
27,9.83,0
29,11.642,0
32,11.887,0
34,11.891,0
37,11.128,0
39,10.616,0
42,10.867,0
44,11.887,0
-45,16.746,0
-42,23.18,0
-40,24.996,0
-37,19.899,0
-35,18.404,0
-32,15.681,0
-30,16.078,0
-27,17.496,0
-25,27.903,0
-22,19.811,0
-20,18.373,0
-17,19.075,0
-15,14.104,0
-12,11.471,0
-10,10.755,0
-7,11.51,0
-5,11.662,0
-2,11.751,0
0,10.962,0
3,11.976,0
5,11.254,0
8,7.118,0
10,7.312,0
13,9.256,0
15,9.532,0
17,10.682,0
20,9.697,0
22,9.315,0
25,9.253,0
27,10.076,0
30,11.938,0
32,11.321,0
35,10.945,0
37,9.897,0
40,10.164,0
42,10.565,0
45,19.395,0
-44,21.795,0
-41,25.546,0
-39,19.902,0
-36,17.948,0
-34,17.049,0
-31,17.073,0
-29,17.364,0
-26,17.415,0
-24,26.348,0
-21,18.259,0
-19,18.262,0
-16,18.979,0
-14,13.508,0
-11,11.722,0
-9,11.103,0
-6,11.534,0
-4,10.926,0
-1,10.609,0
1,11.355,0
4,11.518,0
6,10.247,0
9,9.323,0
11,9.175,0
14,9.473,0
16,10.125,0
18,10.438,0
21,9.41,0
23,8.875,0
26,9.243,0
28,10.653,0
31,11.471,0
33,11.103,0
36,10.389,0
38,10.22,0
41,10.541,0
43,10.816,0
46,6.96,0
-44,24.262,0
-42,20.132,0
-39,20.781,0
-37,18.341,0
-34,25.821,0
-32,17.62,0
-29,17.288,0
-27,35.79,0
-24,20.916,0
-22,18.13,0
-19,18.639,0
-17,17.693,0
-15,16.273,0
-12,13.887,0
-10,12.639,0
-7,12.398,0
-5,11.06,0
-2,11.129,0
0,9.891,0
3,11.885,0
5,10.972,0
8,9.01,0
10,8.624,0
13,9.113,0
15,8.116,0
18,10.165,0
20,8.627,0
23,8.17,0
25,8.169,0
28,9.923,0
30,11.625,0
33,10.717,0
35,10.131,0
38,9.915,0
40,10.266,0
43,10.975,0
45,9.848,0
-45,23.192,0
-42,25.144,0
-40,21.927,0
-37,19.328,0
-35,18.172,0
-32,17.481,0
-30,17.546,0
-27,17.504,0
-25,32.232,0
-22,17.614,0
-20,18.244,0
-17,18.72,0
-15,15.025,0
-12,13.864,0
-10,12.07,0
-7,11.225,0
-5,11.401,0
-3,10.993,0
0,10.259,0
2,10.697,0
5,10.141,0
7,9.864,0
10,9.12,0
12,9.584,0
15,10.166,0
17,11.339,0
20,10.27,0
22,9.169,0
25,9.239,0
27,9.646,0
30,10.924,0
32,11.468,0
35,11.315,0
37,11.12,0
40,10.645,0
42,11.228,0
45,7.898,0
-44,22.62,0
-41,24.216,0
-39,21.211,0
-36,18.886,0
-34,16.769,0
-31,16.531,0
-29,17.493,0
-26,17.573,0
-24,16.631,0
-21,16.983,0
-19,18.626,0
-16,18.532,0
-14,14.187,0
-11,13.1,0
-9,11.343,0
-6,11.244,0
-4,10.486,0
-2,10.994,0
1,9.511,0
3,11.867,0
6,11.723,0
8,8.596,0
11,8.366,0
13,8.815,0
16,10.266,0
18,10.28,0
21,9.541,0
23,8.818,0
26,8.712,0
28,10.491,0
31,11.021,0
33,12.069,0
36,10.429,0
38,9.473,0
41,9.804,0
43,10.73,0
46,12.728,0
-45,15.44,0
-43,27.764,0
-40,21.598,0
-38,19.909,0
-35,19.199,0
-33,16.16,0
-30,16.666,0
-28,17.178,0
-25,37.279,0
-23,17.619,0
-20,17.808,0
-18,19.417,0
-15,16.373,0
-13,12.739,0
-11,12.384,0
-8,11.657,0
-6,10.259,0
-3,9.011,0
-1,9.263,0
2,10.267,0
4,11.89,0
7,8.975,0
9,8.546,0
12,9.111,0
14,9.938,0
17,10.705,0
19,10.267,0
22,9.202,0
24,9.121,0
27,9.17,0
29,11.534,0
32,11.198,0
34,11.972,0
37,10.861,0
39,10.488,0
42,11.567,0
44,15.302,0
-44,22.229,0
-42,26.565,0
-39,21.542,0
-37,18.836,0
-34,17.765,0
-32,15.556,0
-30,15.928,0
-27,17.231,0
-25,16.841,0
-22,16.588,0
-20,17.744,0
-17,18.795,0
-15,14.37,0
-12,12.944,0
-10,12.142,0
-7,11.029,0
-5,10.121,0
-2,10.117,0
0,10.609,0
3,11.593,0
5,10.606,0
8,7.977,0
10,8.738,0
13,9.493,0
15,9.71,0
18,10.685,0
20,10.41,0
23,9.252,0
25,9.733,0
28,10.989,0
30,11.922,0
32,11.476,0
35,10.72,0
37,10.009,0
40,10.228,0
42,11.25,0
45,17.081,0
-45,19.98,0
-43,23.307,0
-40,21.794,0
-38,19.282,0
-35,18.437,0
-33,16.05,0
-30,16.574,0
-28,16.462,0
-25,17.202,0
-23,17.061,0
-20,18.123,0
-18,18.339,0
-15,16.59,0
-13,13.042,0
-10,11.666,0
-8,10.914,0
-5,11.309,0
-3,10.448,0
0,10.71,0
2,10.99,0
5,10.242,0
7,9.564,0
10,9.178,0
12,8.581,0
15,9.43,0
17,9.553,0
19,10.468,0
22,9.314,0
24,9.346,0
27,9.469,0
29,11.066,0
32,11.682,0
34,11.333,0
37,10.12,0
39,9.981,0
42,10.498,0
44,17.412,0
-45,17.048,0
-43,23.226,0
-40,24.678,0
-38,19.942,0
-35,18.344,0
-33,16.123,0
-31,15.876,0
-28,15.681,0
-26,17.32,0
-23,17.526,0
-21,18.33,0
-18,18.885,0
-16,16.566,0
-13,13.561,0
-11,12.965,0
-8,11.579,0
-6,10.919,0
-3,11.308,0
-1,9.897,0
2,10.29,0
4,11.231,0
7,10.597,0
9,9.152,0
12,9.15,0
14,9.355,0
17,10.854,0
19,9.958,0
22,9.221,0
24,9.835,0
27,10.448,0
29,11.591,0
31,11.388,0
34,10.616,0
36,9.262,0
39,9.75,0
41,10.329,0
44,13.903,0
-44,20.266,0
-42,22.932,0
-39,20.132,0
-37,18.144,0
-34,17.257,0
-32,16.137,0
-29,17.569,0
-27,17.113,0
-24,16.792,0
-22,17.231,0
-19,18.162,0
-17,17.952,0
-14,14.036,0
-12,12.94,0
-10,11.235,0
-7,9.752,0
-5,9.463,0
-2,10.073,0
0,10.274,0
3,11.557,0
5,8.78,0
8,8.413,0
10,7.875,0
13,10.203,0
15,10.724,0
18,11.172,0
20,9.613,0
23,9.905,0
25,9.642,0
28,10.701,0
30,12.056,0
33,12.284,0
35,11.413,0
38,10.669,0
40,11.242,0
43,15.396,0
45,14.5,0
-45,11.873,0
-43,25.052,0
-40,26.662,0
-38,19.77,0
-35,18.059,0
-33,15.894,0
-30,15.707,0
-28,16.627,0
-25,27.83,0
-23,17.111,0
-20,18.346,0
-18,18.635,0
-15,14.726,0
-13,13.637,0
-10,12.921,0
-8,11.31,0
-6,10.046,0
-3,10.138,0
-1,9.39,0
2,9.943,0
4,10.366,0
7,7.516,0
9,6.783,0
12,7.676,0
14,10.309,0
17,10.688,0
19,10.558,0
22,9.501,0
24,9.793,0
27,10.172,0
29,12.618,0
32,11.899,0
34,11.323,0
37,11.346,0
39,10.967,0
42,11.575,0
44,15.792,0
-44,29.403,0
-41,24.321,0
-39,20.688,0
-36,19.547,0
-34,17.775,0
-31,17.087,0
-29,16.868,0
-26,16.83,0
-24,17.032,0
-21,17.232,0
-19,18.074,0
-16,16.828,0
-14,14.501,0
-11,12.525,0
-9,11.379,0
-6,11.668,0
-4,11.385,0
-1,10.218,0
1,10.776,0
4,11.643,0
6,10.326,0
9,9.278,0
11,8.486,0
14,8.885,0
16,10.09,0
18,11.336,0
21,10.57,0
23,9.752,0
26,10.396,0
28,11.316,0
31,11.144,0
33,11.191,0
36,10.228,0
38,9.937,0
41,10.029,0
43,10.2,0
46,9.787,0
-45,26.067,0
-42,27.546,0
-40,20.36,0
-37,19.347,0
-35,17.757,0
-32,15.402,0
-30,15.038,0
-27,15.811,0
-25,16.216,0
-22,16.171,0
-20,17.378,0
-17,18.242,0
-15,15.501,0
-12,13.885,0
-10,11.745,0
-7,10.777,0
-5,11.251,0
-2,10.72,0
0,11.658,0
3,12.346,0
5,10.829,0
8,9.843,0
10,9.111,0
12,9.491,0
15,11.163,0
17,11.215,0
20,9.766,0
22,8.844,0
25,9.522,0
27,10.186,0
30,11.386,0
32,11.191,0
35,10.44,0
37,9.826,0
40,9.962,0
42,11.632,0
45,16.03,0
-45,24.061,0
-42,22.994,0
-40,21.09,0
-37,19.906,0
-35,19.146,0
-32,15.124,0
-30,14.683,0
-27,15.993,0
-25,16.193,0
-22,16.249,0
-20,17.537,0
-17,17.67,0
-15,16.347,0
-12,14.039,0
-10,11.932,0
-7,11.252,0
-5,10.2,0
-2,10.23,0
0,9.183,0
3,11.576,0
5,12.026,0
8,8.826,0
10,8.259,0
12,8.92,0
15,9.783,0
17,11.14,0
20,11.325,0
22,9.848,0
25,10.236,0
27,10.684,0
30,11.548,0
32,11.096,0
35,11.308,0
37,10.71,0
40,10.883,0
42,11.176,0
45,11.398,0
-44,21.289,0
-42,24.538,0
-40,21.804,0
-37,20.374,0
-35,18.897,0
-32,15.044,0
-30,14.488,0
-27,15.766,0
-25,16.726,0
-22,16.973,0
-20,17.145,0
-17,17.937,0
-15,14.357,0
-12,13.719,0
-10,12.222,0
-7,11.352,0
-5,10.531,0
-2,9.97,0
0,9.516,0
3,10.864,0
5,10.622,0
8,9.856,0
10,8.928,0
13,9.258,0
15,10.108,0
18,10.176,0
20,10.849,0
22,9.563,0
25,10.019,0
27,10.625,0
30,11.678,0
32,11.375,0
35,11.066,0
37,11.076,0
40,10.776,0
42,11.414,0
45,15.544,0
-44,24.911,0
-41,25.92,0
-39,20.772,0
-36,18.839,0
-34,16.244,0
-31,14.673,0
-29,14.688,0
-26,16.401,0
-24,17.245,0
-22,17.351,0
-19,17.804,0
-17,16.607,0
-14,14.581,0
-12,13.144,0
-9,12.013,0
-7,11.516,0
-4,11.371,0
-2,11.122,0
1,12.468,0
3,12.787,0
6,10.362,0
8,9.175,0
11,9.303,0
13,9.335,0
16,10.791,0
18,10.721,0
21,8.606,0
23,9.619,0
26,10.034,0
28,11.585,0
31,11.073,0
33,10.758,0
36,10.218,0
38,9.757,0
40,10.049,0
43,10.974,0
45,12.472,0
-44,22.236,0
-42,25.707,0
-39,21.653,0
-37,17.026,0
-34,16.424,0
-32,15.501,0
-29,15.696,0
-27,16.217,0
-24,16.348,0
-22,17.089,0
-20,17.255,0
-17,17.838,0
-15,15.206,0
-12,13.105,0
-10,12.062,0
-7,11.371,0
-5,11.277,0
-2,10.913,0
0,12.192,0
3,11.231,0
5,11.274,0
8,9.612,0
10,9.975,0
13,9.925,0
15,10.297,0
18,11.093,0
20,9.764,0
23,9.361,0
25,9.749,0
28,9.854,0
30,11.532,0
33,11.226,0
35,10.442,0
38,9.086,0
40,10.034,0
42,15.281,0
45,15.167,0
-45,23.588,0
-42,23.944,0
-40,23.551,0
-37,19.214,0
-35,17.58,0
-32,16.38,0
-30,16.522,0
-27,17.579,0
-25,18.255,0
-22,17.934,0
-20,18.509,0
-17,18.922,0
-15,15.029,0
-12,12.667,0
-10,11.843,0
-7,11.445,0
-5,11.102,0
-2,10.912,0
0,11.281,0
3,11.64,0
5,10.83,0
8,10.245,0
10,9.667,0
13,9.722,0
15,9.755,0
17,10.585,0
20,10.221,0
22,8.92,0
25,9.088,0
27,10.141,0
30,10.762,0
32,11.261,0
35,10.443,0
37,9.009,0
40,8.595,0
42,8.595,0
45,11.02,0
-46,14.661,0
-44,22.677,0
-41,27.401,0
-39,20.15,0
-36,18.281,0
-34,17.573,0
-31,15.942,0
-29,16.22,0
-26,16.818,0
-24,16.894,0
-21,17.917,0
-19,17.49,0
-16,17.788,0
-14,13.294,0
-11,12.405,0
-9,11.542,0
-6,11.004,0
-4,10.705,0
-2,9.773,0
1,11.44,0
3,11.176,0
6,9.839,0
8,8.584,0
11,7.842,0
13,9.295,0
16,10.484,0
18,11.917,0
21,10.077,0
23,9.121,0
26,9.317,0
28,11.572,0
31,11.046,0
33,11.665,0
36,11.085,0
38,11.274,0
41,11.301,0
43,14.709,0
46,11.495,0
-44,25.254,0
-41,25.024,0
-39,21.054,0
-36,18.422,0
-34,17.431,0
-31,15.77,0
-29,16.419,0
-26,17.494,0
-24,16.625,0
-21,17.084,0
-19,17.338,0
-16,18.2,0
-14,14.03,0
-12,12.053,0
-9,11.737,0
-7,11.273,0
-4,11.878,0
-2,9.929,0
1,9.911,0
3,8.951,0
6,11.316,0
8,9.595,0
11,8.228,0
13,8.563,0
16,10.321,0
18,10.958,0
21,9.487,0
23,9.472,0
26,9.951,0
28,11.925,0
31,11.694,0
33,11.681,0
36,11.208,0
38,10.725,0
41,10.793,0
43,14.938,0
46,5.843,0
-45,17.147,0
-43,28.379,0
-40,21.227,0
-38,17.614,0
-35,17.489,0
-33,16.837,0
-30,15.327,0
-28,15.673,0
-25,16.715,0
-23,16.643,0
-20,18.041,0
-18,17.764,0
-15,14.56,0
-13,13.124,0
-11,12.35,0
-8,10.936,0
-6,11.047,0
-3,10.814,0
-1,10.633,0
2,10.865,0
4,9.682,0
7,10.334,0
9,9.27,0
12,9.028,0
14,9.118,0
17,9.946,0
19,9.969,0
22,9.866,0
24,10.077,0
27,10.608,0
29,11.831,0
32,11.532,0
34,10.918,0
37,10.45,0
39,10.731,0
42,10.878,0
44,17.731,0
47,12.957,0
-45,21.326,0
-43,30.158,0
-40,20.633,0
-38,18.197,0
-35,17.031,0
-33,15.144,0
-30,14.922,0
-28,15.344,0
-25,16.993,0
-23,16.349,0
-20,17.249,0
-18,18.529,0
-15,16.487,0
-13,13.433,0
-10,12.762,0
-8,11.366,0
-5,10.943,0
-3,10.047,0
0,8.993,0
2,11.089,0
4,10.237,0
7,9.776,0
9,9.521,0
12,9.582,0
14,10.037,0
17,10.411,0
19,10.072,0
22,9.898,0
24,10.601,0
27,10.786,0
29,12.249,0
32,11.025,0
34,10.328,0
37,10.664,0
39,10.444,0
42,10.343,0
44,15.664,0
-45,16.017,0
-42,28.659,0
-40,19.477,0
-37,17.364,0
-35,16.166,0
-32,15.825,0
-30,15.246,0
-27,15.301,0
-25,17.611,0
-22,16.671,0
-20,17.242,0
-17,18.037,0
-15,15.692,0
-12,13.316,0
-10,11.424,0
-7,10.895,0
-5,11.084,0
-3,10.048,0
0,9.461,0
2,10.675,0
5,10.383,0
7,10.075,0
10,8.978,0
12,9.177,0
15,9.652,0
17,10.246,0
20,9.803,0
22,9.371,0
25,9.567,0
27,11.505,0
30,12.519,0
32,11.566,0
35,11.844,0
37,11.354,0
40,11.32,0
42,12.165,0
45,11.487,0
-43,28.36,0
-41,21.937,0
-38,18.267,0
-36,16.365,0
-33,14.346,0
-31,14.922,0
-28,15.214,0
-26,17.354,0
-23,16.236,0
-21,16.986,0
-18,17.67,0
-16,15.046,0
-13,13.362,0
-11,12.292,0
-8,11.941,0
-6,11.018,0
-3,10.199,0
-1,9.214,0
2,11.332,0
4,11.554,0
7,10.386,0
9,9.608,0
12,10.137,0
14,10.13,0
16,10.45,0
19,11.074,0
21,9.613,0
24,8.753,0
26,9.646,0
29,11.832,0
31,11.291,0
34,10.778,0
36,10.15,0
39,9.638,0
41,10.983,0
44,16.221,0
46,5.868,0
-45,26.389,0
-42,22.716,0
-40,21.58,0
-37,18.741,0
-35,17.617,0
-32,15.808,0
-30,15.72,0
-27,16.995,0
-25,17.403,0
-22,16.753,0
-20,17.516,0
-17,17.955,0
-15,16.514,0
-12,13.781,0
-10,11.809,0
-8,10.568,0
-5,11.201,0
-3,10.515,0
0,10.011,0
2,11.091,0
5,10.984,0
7,9.626,0
10,8.631,0
12,9.002,0
15,9.708,0
17,10.816,0
20,10.175,0
22,9.315,0
25,8.92,0
27,9.672,0
30,12.26,0
32,11.167,0
35,11.054,0
37,10.391,0
40,10.012,0
42,10.511,0
45,6.457,0
-44,15.499,0
-42,25.332,0
-39,23.957,0
-37,18.59,0
-34,16.492,0
-32,14.451,0
-29,14.926,0
-27,17.145,0
-24,17.152,0
-22,17.368,0
-19,17.771,0
-17,18.832,0
-15,14.736,0
-12,13.198,0
-10,11.726,0
-7,10.241,0
-5,9.709,0
-2,10.284,0
0,10.835,0
3,11.509,0
5,10.49,0
8,10.106,0
10,9.266,0
13,9.972,0
15,9.147,0
18,8.885,0
20,8.638,0
23,8.905,0
25,9.151,0
28,10.13,0
30,11.779,0
33,11.632,0
35,11.432,0
38,10.844,0
40,10.471,0
43,12.09,0
45,8.973,0
-44,24.946,0
-41,24.467,0
-39,20.786,0
-36,18.637,0
-34,17.463,0
-31,16.006,0
-29,16.242,0
-26,17.064,0
-24,17.715,0
-21,18.242,0
-19,18.544,0
-16,17.264,0
-14,13.615,0
-11,12.704,0
-9,12.116,0
-6,10.557,0
-4,10.382,0
-1,10.348,0
1,11.308,0
4,13.415,0
6,11.198,0
9,9.541,0
11,9.377,0
13,8.673,0
16,8.444,0
18,10.228,0
21,9,0
23,9.013,0
26,9.843,0
28,11.767,0
31,11.524,0
33,11.2,0
36,11.635,0
38,11.296,0
41,11.138,0
43,12.078,0
46,8.627,0
-45,17.143,0
-43,23.268,0
-40,22.351,0
-38,20.411,0
-35,18.881,0
-33,17.005,0
-30,15.949,0
-28,16.795,0
-25,17.655,0
-23,17.878,0
-20,17.622,0
-18,18.534,0
-15,15.478,0
-13,12.501,0
-10,11.696,0
-8,10.754,0
-5,10.924,0
-3,10.856,0
0,10.625,0
2,11.669,0
5,7.755,0
7,9.156,0
9,8.535,0
12,8.367,0
14,8.313,0
17,10.615,0
19,10.679,0
22,9.432,0
24,8.96,0
27,9.117,0
29,11.296,0
32,11.873,0
34,11.022,0
37,10.204,0
39,10.561,0
42,11.375,0
44,14.754,0
-45,18.214,0
-42,23.378,0
-40,25.277,0
-37,19.887,0
-35,18.951,0
-32,16.247,0
-30,15.464,0
-27,16.39,0
-25,17.221,0
-22,17.925,0
-20,18.295,0
-17,19.057,0
-15,16.963,0
-12,13.615,0
-10,12.046,0
-7,11.804,0
-5,11.637,0
-2,12.098,0
0,11.212,0
2,11.294,0
5,9.356,0
7,9.174,0
10,8.667,0
12,10.153,0
15,9.527,0
17,10.891,0
20,9.393,0
22,8.63,0
25,8.922,0
27,9.37,0
30,12.599,0
32,11.781,0
35,11.772,0
37,10.791,0
40,10.407,0
42,10.646,0
45,20.349,0
-45,17.506,0
-43,30.813,0
-40,24.758,0
-38,19.724,0
-35,18.412,0
-33,17.205,0
-30,16.78,0
-28,17.108,0
-25,18.284,0
-23,17.435,0
-20,18.732,0
-18,18.005,0
-15,15.758,0
-13,13.615,0
-10,12.985,0
-8,11.274,0
-5,10.723,0
-3,10.167,0
0,10.368,0
2,10.36,0
5,9.091,0
7,10.14,0
10,8.72,0
12,10.121,0
14,9.368,0
17,10.695,0
19,10.098,0
22,9.437,0
24,9.063,0
27,9.366,0
29,10.913,0
32,11.175,0
34,9.943,0
37,9.623,0
39,9.367,0
42,9.549,0
44,12.202,0
-44,23.633,0
-42,26.985,0
-39,21.876,0
-37,18.847,0
-34,17.975,0
-32,17.192,0
-29,16.091,0
-27,16.256,0
-24,16.647,0
-22,17.94,0
-19,17.625,0
-17,18.216,0
-14,15.314,0
-12,13.071,0
-10,12.925,0
-7,11.741,0
-5,12.233,0
-2,11.318,0
0,9.714,0
3,10.621,0
5,11.767,0
8,9.294,0
10,9.298,0
13,10.692,0
15,9.65,0
18,10.479,0
20,9.635,0
23,8.801,0
25,9.004,0
28,10.891,0
30,11.575,0
33,11.694,0
35,10.704,0
38,9.894,0
40,10.215,0
43,14.482,0
45,19.268,0
-44,23.796,0
-42,25.178,0
-39,21.6,0
-37,19.617,0
-34,17.33,0
-32,15.908,0
-29,16.377,0
-27,17.14,0
-24,17.144,0
-22,17.717,0
-19,18.105,0
-17,18.264,0
-14,14.026,0
-12,13.638,0
-9,12.359,0
-7,11.744,0
-4,10.982,0
-2,10.25,0
1,10.22,0
3,12.057,0
5,10.44,0
8,9.299,0
10,8.838,0
13,9.21,0
15,9.749,0
18,10.848,0
20,9.977,0
23,9.266,0
25,9.197,0
28,10.566,0
30,12.151,0
33,11.037,0
35,10.216,0
38,10.054,0
40,10.52,0
43,11.545,0
-45,16.092,0
-43,22.074,0
-40,27.283,0
-38,19.946,0
-35,18.574,0
-33,17.055,0
-31,16.976,0
-28,17.677,0
-26,17.614,0
-23,17.321,0
-21,17.554,0
-18,17.929,0
-16,17.777,0
-13,13.342,0
-11,12.453,0
-8,11.12,0
-6,10.569,0
-3,10.4,0
-1,10.34,0
2,11.12,0
4,10.126,0
7,9.351,0
9,8.618,0
12,8.661,0
14,9.532,0
17,10.766,0
19,10.608,0
22,8.573,0
24,8.693,0
27,9.814,0
29,11.661,0
31,11.934,0
34,11.441,0
36,9.612,0
39,9.432,0
41,9.728,0
44,16.02,0
-44,18.295,0
-42,27.794,0
-39,22.419,0
-37,19.342,0
-34,19.278,0
-32,17.352,0
-29,17.279,0
-27,17.837,0
-24,18.195,0
-22,18.097,0
-19,17.819,0
-17,17.6,0
-14,15.044,0
-12,13.497,0
-10,12.207,0
-7,10.399,0
-5,10.563,0
-2,10.143,0
0,8.344,0
3,9.308,0
5,9.57,0
8,9.633,0
10,8.771,0
13,9.795,0
15,10.554,0
18,11.018,0
20,9.49,0
23,8.876,0
25,9.068,0
28,10.706,0
30,11.52,0
33,11.677,0
35,10.362,0
38,10.047,0
40,10.523,0
43,10.919,0
45,18.63,0
-44,10.968,0
-42,24.102,0
-39,21.891,0
-37,18.363,0
-34,17.943,0
-32,16.516,0
-29,17.218,0
-27,17.707,0
-24,17.558,0
-22,17.778,0
-19,17.759,0
-17,18.02,0
-14,14.478,0
-12,13.56,0
-9,12.293,0
-7,10.983,0
-4,10.866,0
-2,10.569,0
1,9.866,0
3,11.831,0
5,9.73,0
8,8.775,0
10,8.988,0
13,8.923,0
15,10.567,0
18,10.843,0
20,10.141,0
23,9.203,0
25,9.317,0
28,10.936,0
30,11.717,0
33,11.879,0
35,10.4,0
38,10.43,0
40,10.806,0
43,10.959,0
45,9.216,0
-43,25.957,0
-41,23.299,0
-38,20.413,0
-36,19.246,0
-33,17.513,0
-31,16.965,0
-28,30.461,0
-26,17.796,0
-23,17.502,0
-21,16.956,0
-18,17.208,0
-16,16.501,0
-13,14.645,0
-11,13.362,0
-8,10.832,0
-6,10.533,0
-3,9.519,0
-1,8.748,0
1,10.355,0
4,9.176,0
6,9.967,0
9,8.919,0
11,8.968,0
14,9.175,0
16,10.956,0
19,10.468,0
21,9.262,0
24,9.565,0
26,9.688,0
29,11.136,0
31,11.475,0
34,12.116,0
36,10.454,0
39,10.626,0
41,12.674,0
44,16.096,0
46,14.246,0
-44,22.482,0
-42,23.036,0
-39,22.529,0
-37,20.336,0
-35,19.199,0
-32,17.34,0
-30,17.046,0
-27,16.562,0
-25,17.028,0
-22,16.827,0
-20,17.103,0
-17,18.056,0
-15,15.073,0
-12,12.778,0
-10,11.098,0
-7,8.82,0
-5,9.178,0
-2,9.753,0
0,9.881,0
3,10.346,0
5,10.193,0
8,8.771,0
10,8.395,0
13,8.826,0
15,10.452,0
18,10.998,0
20,10.165,0
23,9.86,0
25,10.062,0
27,10.272,0
30,11.998,0
32,11.606,0
35,11.356,0
37,11.173,0
40,11.439,0
42,11.936,0
45,19.271,0
-45,7.664,0
-43,25.38,0
-40,22.496,0
-38,19.23,0
-35,17.699,0
-33,17.077,0
-30,16.74,0
-28,17.676,0
-25,16.773,0
-23,16.942,0
-20,17.372,0
-18,18.278,0
-15,17.18,0
-13,13.1,0
-10,11.724,0
-8,11.424,0
-5,9.911,0
-3,9.609,0
0,8.072,0
2,10.597,0
5,9.53,0
7,8.624,0
9,8.035,0
12,8.465,0
14,10.627,0
17,10.533,0
19,9.814,0
22,9.032,0
24,8.823,0
27,9.846,0
29,12.652,0
32,11.861,0
34,11.016,0
37,10.311,0
39,10.47,0
42,10.676,0
44,16.362,0
-45,18.327,0
-42,29.142,0
-40,22.583,0
-37,19.517,0
-35,18.093,0
-33,17.053,0
-30,17.293,0
-28,17.478,0
-25,18.821,0
-23,18.532,0
-20,17.017,0
-18,18.229,0
-15,16.584,0
-13,13.965,0
-10,12.497,0
-8,11.554,0
-5,9.411,0
-3,8.114,0
0,7.007,0
2,10.183,0
5,11.65,0
7,8.471,0
10,8.56,0
12,8.703,0
15,9.574,0
17,10.648,0
20,10.305,0
22,9.116,0
25,9.655,0
27,9.643,0
29,11.563,0
32,11.572,0
34,11.081,0
37,9.774,0
39,9.741,0
42,10.483,0
44,14.174,0
-45,17.392,0
-43,24.412,0
-40,21.832,0
-38,18.961,0
-36,18.064,0
-33,16.554,0
-31,16.613,0
-28,16.968,0
-26,16.71,0
-23,17.843,0
-21,16.9,0
-18,17.489,0
-16,16.924,0
-13,12.479,0
-11,12.022,0
-8,9.982,0
-6,10.232,0
-3,10.33,0
-1,9.252,0
2,10.081,0
4,7.693,0
7,8.981,0
9,8.924,0
12,8.676,0
14,9.235,0
17,11.416,0
19,11.228,0
22,9.285,0
24,9.984,0
26,10.839,0
29,12.111,0
31,12.256,0
34,11.406,0
36,10.748,0
39,10.439,0
41,11.761,0
44,16.395,0
-45,19.958,0
-42,23.018,0
-40,20.364,0
-37,18.45,0
-35,17.391,0
-32,16.002,0
-30,16.334,0
-27,17.675,0
-25,17.616,0
-23,17.718,0
-20,18.013,0
-18,18.639,0
-15,16.581,0
-13,13.59,0
-10,12.207,0
-8,10.356,0
-5,10.049,0
-3,9.083,0
0,8.527,0
2,9.566,0
5,10.231,0
7,8.661,0
10,7.868,0
12,8.171,0
15,10.079,0
17,11.224,0
20,11.223,0
22,9.12,0
25,9.324,0
27,9.348,0
30,12.381,0
32,11.79,0
35,11.03,0
37,10.376,0
39,10.142,0
42,10.262,0
44,21.573,0
-45,29.393,0
-42,27.367,0
-40,24.106,0
-37,17.191,0
-35,17.109,0
-32,16.055,0
-30,31.016,0
-27,17.378,0
-25,17.516,0
-22,17.619,0
-20,17.767,0
-17,18.278,0
-15,16.323,0
-12,13.912,0
-10,12.192,0
-7,9.798,0
-5,9.602,0
-2,8.214,0
0,8.668,0
3,10.254,0
5,8.776,0
8,7.848,0
10,8.38,0
13,9.29,0
15,10.357,0
17,11.371,0
20,10.565,0
22,8.842,0
25,9.393,0
27,9.997,0
30,11.828,0
32,11.52,0
35,9.803,0
37,8.975,0
40,9.547,0
42,10.271,0
45,15.628,0
-45,17.618,0
-42,27.022,0
-40,21.019,0
-37,19.04,0
-35,18.263,0
-32,18.14,0
-30,16.367,0
-27,30.079,0
-25,17.576,0
-22,17.254,0
-20,17.34,0
-18,17.174,0
-15,13.992,0
-13,13.836,0
-10,11.893,0
-8,9.955,0
-5,9.497,0
-3,8.696,0
0,9.24,0
2,11.131,0
5,9.456,0
7,8.682,0
10,7.409,0
12,9.169,0
15,10.369,0
17,11.435,0
20,10.062,0
22,9.253,0
25,9.468,0
27,9.499,0
30,11.304,0
32,11.583,0
35,10.915,0
37,9.951,0
40,10.617,0
42,12.148,0
44,21.824,0
-45,8.834,0
-43,29.105,0
-41,21.095,0
-38,18.594,0
-36,16.999,0
-33,16.918,0
-31,16.503,0
-28,16.74,0
-26,17.128,0
-23,16.942,0
-21,17.151,0
-18,17.595,0
-16,16.014,0
-13,13.759,0
-11,14.741,0
-8,11.205,0
-6,10.135,0
-3,10.278,0
-1,8.351,0
2,10.216,0
4,8.854,0
7,8.063,0
9,8.968,0
12,9.056,0
14,9.466,0
17,10.401,0
19,10.589,0
21,9.162,0
24,9.869,0
26,9.774,0
29,11.37,0
31,11.539,0
34,11.701,0
36,10.412,0
39,10.002,0
41,10.548,0
44,16.885,0
-44,16.881,0
-41,27.529,0
-39,20.453,0
-37,18.697,0
-34,16.859,0
-32,16.819,0
-29,14.937,0
-27,16.099,0
-24,17.262,0
-22,17.001,0
-19,17.14,0
-17,17.892,0
-14,13.451,0
-12,13.343,0
-9,11.206,0
-7,10.643,0
-4,9.825,0
-2,9.213,0
1,8.685,0
3,10.664,0
6,10.121,0
8,8.523,0
11,8.806,0
13,9.725,0
16,9.654,0
18,10.6,0
21,9.064,0
23,9.812,0
25,9.705,0
28,11.516,0
30,11.663,0
33,11.411,0
35,9.896,0
38,9.679,0
40,10.611,0
43,15.512,0
45,9.914,0
-46,15.671,0
-44,24.006,0
-41,25.153,0
-39,20.051,0
-36,18.279,0
-34,17.181,0
-31,16.141,0
-29,17.297,0
-26,16.361,0
-24,16.841,0
-21,16.906,0
-19,18.135,0
-16,17.984,0
-14,14.044,0
-11,13.653,0
-9,11.669,0
-6,10.177,0
-4,9.745,0
-1,9.068,0
1,10.363,0
4,9.571,0
6,9.013,0
9,8.286,0
11,8.818,0
13,8.895,0
16,8.323,0
18,11.226,0
21,8.687,0
23,8.95,0
26,9.14,0
28,10.825,0
31,11.524,0
33,11.545,0
36,10.602,0
38,10.744,0
41,11.602,0
43,17.743,0
46,10.314,0
-45,17.736,0
-42,27.802,0
-40,21.961,0
-37,18.751,0
-35,18.133,0
-33,17.666,0
-30,17.986,0
-28,16.755,0
-25,19.754,0
-23,16.862,0
-20,17.021,0
-18,17.708,0
-15,16.578,0
-13,14.176,0
-10,14.114,0
-8,12.116,0
-5,11.396,0
-3,10.645,0
0,10,0
2,11.974,0
5,10.972,0
7,9.018,0
10,9.011,0
12,8.882,0
15,8.803,0
17,10.838,0
20,11.051,0
22,9.717,0
25,10.131,0
27,10.415,0
29,11.556,0
32,12.007,0
34,11.622,0
37,11.012,0
39,10.757,0
42,10.969,0
44,15.643,0
-46,11.967,0
-44,17.224,0
-41,23.645,0
-39,20.918,0
-37,19.442,0
-34,17.972,0
-32,16.172,0
-29,17.16,0
-27,17.623,0
-24,18.854,0
-22,17.768,0
-19,17.783,0
-17,18.222,0
-14,15.151,0
-12,12.686,0
-9,12.802,0
-7,9.521,0
-4,9.059,0
-2,9.096,0
1,10.225,0
3,10.78,0
6,9.882,0
8,8.967,0
11,9.142,0
13,9.228,0
16,10.591,0
18,10.808,0
21,9.741,0
23,9.562,0
25,9.845,0
28,11.486,0
30,12.374,0
33,11.738,0
35,11.529,0
38,10.574,0
40,11.035,0
43,11.259,0
45,12.538,0
-46,12.23,0
-43,27.288,0
-41,23.72,0
-38,19.767,0
-36,18.593,0
-33,16.968,0
-31,16.467,0
-28,17.771,0
-26,16.66,0
-23,18.648,0
-21,17.689,0
-18,18.293,0
-16,18.307,0
-13,14.581,0
-11,13.257,0
-8,12.642,0
-6,11.364,0
-3,10.836,0
-1,9.512,0
2,9.98,0
4,12.467,0
6,10.492,0
9,9.252,0
11,9.195,0
14,10.138,0
16,10.261,0
19,9.763,0
21,8.558,0
24,8.554,0
26,8.474,0
29,11.604,0
31,10.806,0
34,10.209,0
36,10.231,0
39,9.305,0
41,9.164,0
44,9.945,0
46,10.796,0
-44,22.904,0
-41,25.13,0
-39,20.457,0
-36,19.217,0
-34,19.113,0
-31,16.677,0
-29,18.06,0
-27,18.45,0
-24,18.963,0
-22,18.023,0
-19,17.711,0
-17,18.026,0
-14,15.126,0
-12,14.767,0
-9,12.103,0
-7,11.852,0
-4,10.948,0
-2,9.797,0
1,10.601,0
3,12.04,0
6,10.302,0
8,8.292,0
11,7.869,0
13,7.878,0
16,10.573,0
18,11.012,0
21,10.421,0
23,9.744,0
26,9.716,0
28,11.511,0
31,12.136,0
33,11.959,0
35,11.128,0
38,11.197,0
40,11.111,0
43,12.525,0
45,15.574,0
-47,7.915,0
-44,18.928,0
-42,26.63,0
-39,20.608,0
-37,18.654,0
-34,16.779,0
-32,16.489,0
-29,17.768,0
-27,17.936,0
-24,17.174,0
-22,17.566,0
-19,18.354,0
-17,18.445,0
-14,14.451,0
-12,14.22,0
-9,13.241,0
-7,11.008,0
-5,10.035,0
-2,9.465,0
0,9.732,0
3,10.017,0
5,10.568,0
8,9.883,0
10,8.429,0
13,9.016,0
15,10.099,0
18,11.307,0
20,10.529,0
23,9.283,0
25,9.351,0
28,10.173,0
30,12.5,0
33,12.658,0
35,11.7,0
38,11.118,0
40,11.631,0
43,14.403,0
45,21.052,0
-46,20.624,0
-43,26.359,0
-41,25.259,0
-38,20.027,0
-36,17.818,0
-33,16.035,0
-31,15.792,0
-28,15.297,0
-26,18.977,0
-23,18.888,0
-21,17.704,0
-18,18.176,0
-16,17.469,0
-13,14.835,0
-11,14.177,0
-8,12.087,0
-6,10.479,0
-4,9.26,0
-1,9.577,0
1,10.472,0
4,10.497,0
6,9.303,0
9,8.116,0
11,8.04,0
14,8.428,0
16,9.61,0
19,10.859,0
21,8.623,0
24,9.02,0
26,9.516,0
29,11.774,0
31,11.568,0
34,11.123,0
36,10.887,0
39,11.174,0
41,11.698,0
44,15.26,0
-45,20.825,0
-42,24.217,0
-40,22.82,0
-37,18.619,0
-35,18.291,0
-32,16.133,0
-30,16.244,0
-27,16.968,0
-25,17.326,0
-22,18.363,0
-20,17.612,0
-17,17.841,0
-15,17.003,0
-13,14.39,0
-10,13.788,0
-8,11.394,0
-5,10.315,0
-3,10.014,0
0,10.503,0
2,10.575,0
5,12.132,0
7,9.748,0
10,8.343,0
12,8.192,0
15,9.245,0
17,10.329,0
20,10.76,0
22,9.678,0
25,9.365,0
27,10.384,0
30,11.806,0
32,11.046,0
35,10.103,0
37,9.813,0
40,10.086,0
42,13.898,0
45,8.852,0
-45,22.278,0
-43,26.457,0
-40,22.635,0
-38,19.373,0
-35,18.734,0
-33,15.754,0
-30,16.025,0
-28,16.813,0
-25,18.809,0
-23,17.793,0
-20,18.034,0
-18,19.297,0
-16,16.938,0
-13,14.062,0
-11,12.611,0
-8,11.249,0
-6,10.219,0
-3,10.005,0
-1,10.631,0
2,11.418,0
4,10.625,0
7,10.311,0
9,8.766,0
12,8.729,0
14,9.107,0
17,9.663,0
19,11.387,0
22,9.37,0
24,9.37,0
27,10.013,0
29,11.408,0
32,11.587,0
34,11.478,0
37,10.457,0
39,10.365,0
42,11.298,0
44,16.868,0
-46,4.198,0
-44,27.601,0
-41,26.635,0
-39,20.211,0
-36,18.617,0
-34,17.044,0
-31,16.121,0
-29,16.867,0
-26,18.114,0
-24,19.329,0
-21,18.239,0
-19,18.276,0
-16,17.524,0
-14,13.332,0
-12,12.227,0
-9,12.842,0
-7,11.501,0
-4,11.068,0
-2,11.086,0
1,11.566,0
3,11.069,0
6,10.802,0
8,9.205,0
11,8.915,0
13,10.803,0
16,9.671,0
18,11.424,0
21,9.613,0
23,9.466,0
26,9.496,0
28,11.574,0
31,11.128,0
33,11.427,0
36,9.869,0
38,9.757,0
41,10.849,0
43,14.57,0
46,12.015,0
-44,27.652,0
-41,24.47,0
-39,20.375,0
-36,18.225,0
-34,17.121,0
-31,17.811,0
-29,19.266,0
-26,20.278,0
-24,18.033,0
-21,17.368,0
-19,18.375,0
-16,18.929,0
-14,14.088,0
-11,14.209,0
-9,12.643,0
-6,10.844,0
-4,10.553,0
-1,10.333,0
1,11.22,0
4,9.859,0
6,9.602,0
8,8.676,0
11,8.574,0
13,9.913,0
16,10.379,0
18,10.678,0
21,9.126,0
23,9.012,0
26,10.096,0
28,11.354,0
31,11.91,0
33,11.129,0
36,10.281,0
38,9.379,0
41,9.738,0
43,10.218,0
-44,12.71,0
-42,24.505,0
-39,20.554,0
-37,18.403,0
-35,16.71,0
-32,15.568,0
-30,16.628,0
-27,17.808,0
-25,17.193,0
-22,17.319,0
-20,16.528,0
-17,19.188,0
-15,14.71,0
-12,12.763,0
-10,13.795,0
-7,11.729,0
-5,11.153,0
-2,10.299,0
0,10.918,0
3,11.303,0
5,9.665,0
8,9.312,0
10,8.828,0
13,9.298,0
15,9.184,0
18,11.313,0
20,9.756,0
23,9.588,0
25,9.716,0
27,11.028,0
30,10.989,0
32,10.879,0
35,10.169,0
37,10.28,0
40,10.651,0
42,11.242,0
45,12.327,0
-45,17.064,0
-43,26.264,0
-40,25.348,0
-38,20.478,0
-36,18.736,0
-33,16.4,0
-31,16.465,0
-28,17.462,0
-26,18.233,0
-23,18.034,0
-21,17.432,0
-18,17.963,0
-16,15.918,0
-13,13.721,0
-11,14.492,0
-8,12.82,0
-6,11.369,0
-3,10.676,0
-1,9.937,0
2,10.842,0
4,10.802,0
7,9.401,0
9,9.377,0
12,9.232,0
14,10.407,0
17,11.339,0
19,10.834,0
22,8.809,0
24,8.92,0
27,9.509,0
29,11.033,0
31,11.75,0
34,11.73,0
36,10.808,0
39,10.905,0
41,12.151,0
44,12.241,0
-47,7.404,0
-45,22.029,0
-42,26.427,0
-40,21.718,0
-37,19.803,0
-35,17.709,0
-32,16.202,0
-30,16.495,0
-27,16.749,0
-25,17.832,0
-22,16.589,0
-20,17.057,0
-17,18.615,0
-15,14.424,0
-12,14.185,0
-10,14.278,0
-7,12.72,0
-5,12.141,0
-2,11.147,0
0,10.327,0
3,11.215,0
5,9.842,0
7,9.727,0
10,8.796,0
12,8.957,0
15,10.774,0
17,11.839,0
20,10.722,0
22,9.57,0
25,9.521,0
27,10.605,0
30,12.203,0
32,11.687,0
35,11.643,0
37,11.301,0
40,12.435,0
42,12.866,0
45,11.779,0
-45,20.189,0
-42,29.249,0
-40,22.243,0
-37,19.272,0
-35,17.701,0
-33,15.953,0
-30,16.369,0
-28,16.303,0
-25,19.478,0
-23,17.049,0
-20,17.235,0
-18,17.91,0
-15,17.349,0
-13,14.027,0
-10,13.419,0
-8,12.562,0
-5,9.952,0
-3,9.279,0
0,9.715,0
2,10.277,0
5,11.573,0
7,9.299,0
10,7.944,0
12,8.198,0
15,9.653,0
17,11.664,0
20,9.746,0
22,9.364,0
25,10.122,0
27,10.796,0
29,11.85,0
32,11.878,0
34,12.328,0
37,11.645,0
39,11.178,0
42,13.925,0
44,15.29,0
-45,19.263,0
-43,22.151,0
-40,22.236,0
-38,18.878,0
-35,17.153,0
-33,15.5,0
-30,16.345,0
-28,17.963,0
-25,18.468,0
-23,19.065,0
-20,16.768,0
-18,17.015,0
-15,16.125,0
-13,13.134,0
-10,12.005,0
-8,12.356,0
-5,11.645,0
-3,10.79,0
0,10.756,0
2,11.381,0
5,10.377,0
7,9.852,0
10,9.089,0
12,7.689,0
14,8.128,0
17,9.761,0
19,11.313,0
22,9.069,0
24,10.384,0
27,10.739,0
29,11.559,0
32,12,0
34,12.169,0
37,11.449,0
39,11.106,0
42,13.161,0
44,18.642,0
-46,21.308,0
-43,28.79,0
-41,24.09,0
-38,19.586,0
-36,18.124,0
-33,14.978,0
-31,15.723,0
-28,16.568,0
-26,18.157,0
-23,19.266,0
-21,18.029,0
-18,18.324,0
-16,18.026,0
-13,12.833,0
-11,11.795,0
-8,11.648,0
-6,10.036,0
-3,9.459,0
-1,9.3,0
2,10.7,0
4,11.643,0
6,10.268,0
9,7.879,0
11,8.39,0
14,9.518,0
16,10.637,0
19,9.606,0
21,8.633,0
24,8.843,0
26,9.854,0
29,11.388,0
31,11.775,0
34,11.114,0
36,11.025,0
39,10.699,0
41,11.523,0
44,12.229,0
46,13.108,0
